first_name,last_name,bball_ref_name,sports_ref_name,last_college_season,school,conference,birthday,age_at_draft,height,weight
markelle,fultz,fultzma01,markelle-fultz-1,2016-17,Washington,Pac-12,1998-05-29,19.0,76,195
lonzo,ball,balllo01,lonzo-ball-1,2016-17,UCLA,Pac-12,1997-10-27,19.583333333333332,78,190
jayson,tatum,tatumja01,jayson-tatum-1,2016-17,Duke,ACC,1998-03-03,19.25,80,205
josh,jackson,jacksjo02,josh-jackson-2,2016-17,Kansas,Big 12,1997-02-10,20.333333333333332,80,207
deaaron,fox,foxde01,deaaron-fox-1,2016-17,Kentucky,SEC,1997-12-20,19.5,75,187
jonathan,isaac,isaacjo01,jonathan-isaac-1,2016-17,Florida State,ACC,1997-10-03,19.666666666666668,82,210
lauri,markkanen,markkla01,lauri-markkanen-1,2016-17,Arizona,Pac-12,1997-05-22,20.083333333333332,84,230
dennis,smithjr,smithde03,dennis-smithjr-1,2016-17,North Carolina State,ACC,1997-11-25,19.5,75,195
zach,collins,colliza01,zach-collins-1,2016-17,Gonzaga,WCC,1997-11-19,19.583333333333332,84,230
malik,monk,monkma01,malik-monk-1,2016-17,Kentucky,SEC,1998-02-04,19.333333333333332,75,200
luke,kennard,kennalu01,luke-kennard-1,2016-17,Duke,ACC,1996-06-24,20.916666666666668,77,180
donovan,mitchell,mitchdo01,donovan-mitchell-1,2016-17,Louisville,ACC,1996-09-07,20.75,75,210
edrice,adebayo,adebaba01,edrice-adebayo-1,2016-17,Kentucky,SEC,1997-07-18,19.916666666666668,82,260
justin,jackson,jacksju01,justin-jackson-4,2016-17,UNC,ACC,1995-03-28,22.166666666666668,80,193
justin,patton,pattoju01,justin-patton-1,2016-17,Creighton,Big East,1997-06-14,20.0,83,215
dj,wilson,wilsodj01,dj-wilson-1,2016-17,Michigan,Big Ten,1996-02-19,21.333333333333332,81,220
tj,leaf,leaftj01,tj-leaf-1,2016-17,UCLA,Pac-12,1997-04-30,20.083333333333332,82,225
john,collins,collijo01,john-collins-1,2016-17,Wake Forest,ACC,1997-09-23,19.666666666666668,82,218
harry,giles,gilesha01,harry-giles-1,2016-17,Duke,ACC,1998-04-22,19.166666666666668,82,240
jarrett,allen,allenja01,jarrett-allen-1,2016-17,Texas,Big 12,1998-04-21,19.166666666666668,83,235
og,anunoby,anunoog01,og-anunoby-1,2016-17,Indiana,Big Ten,1997-07-17,19.916666666666668,80,215
tyler,lydon,lydonty01,tyler-lydon-1,2016-17,Syracuse,ACC,1996-04-09,21.166666666666668,80,205
caleb,swanigan,swanica01,caleb-swanigan-1,2016-17,Purdue,Big Ten,1997-04-18,20.166666666666668,81,260
kyle,kuzma,kuzmaky01,kyle-kuzma-1,2016-17,Utah,Pac-12,1995-07-24,21.833333333333332,81,190
tony,bradley,bradlto01.,tony-bradley-1,2016-17,UNC,ACC,1998-01-08,19.416666666666668,82,240
derrick,white,whitede01,derrick-white-1,2016-17,Colorado,Pac-12,1994-07-02,22.916666666666668,77,193
josh,hart,hartjo01,josh-hart-1,2016-17,Villanova,Big East,1995-03-06,22.25,77,205
frank,jackson,jacksfr01,frank-jackson-2,2016-17,Duke,ACC,1998-05-04,19.083333333333332,75,205
davon,reed,reedda01,davon-reed-1,2016-17,Miami (FL),ACC,1995-06-11,22.0,78,208
wesley,iwundu,iwundwe01,wesley-iwundu-1,2016-17,Kansas State,Big 12,1994-12-20,22.5,79,205
frank,mason,masonfr01,frank-mason-1,2016-17,Kansas,Big 12,1994-04-03,23.166666666666668,71,185
ivan,rabb,rabbiv01,ivan-rabb-1,2016-17,University of California,Pac-12,1997-02-04,20.333333333333332,83,220
semi,ojeleye,ojelese01,semi-ojeleye-1,2016-17,SMU,AAC,1994-12-05,22.5,80,230
jordan,bell,belljo01,jordan-bell-1,2016-17,Oregon,Pac-12,1995-01-07,22.416666666666668,79,190
jawun,evans,evansja01,jawun-evans-1,2016-17,Oklahoma State,Big 12,1996-07-26,20.833333333333332,72,175
dwayne,bacon,bacondw01,dwayne-bacon-1,2016-17,Florida State,ACC,1995-08-30,21.75,79,210
tyler,dorsey,dorsety01,tyler-dorsey-1,2016-17,Oregon,Pac-12,1996-02-14,21.333333333333332,76,180
thomas,bryant,bryanth01,thomas-bryant-1,2016-17,Indiana,Big Ten,1997-07-31,19.833333333333332,82,245
damyean,dotson,dotsoda01,damyean-dotson-1,2016-17,Houston,AAC,1994-05-06,23.083333333333332,77,209
dillon,brooks,brookdi01,dillon-brooks-1,2016-17,Oregon,Pac-12,1996-01-22,21.416666666666668,77,205
sterling,brown,brownst02,sterling-brown-2,2016-17,SMU,AAC,1995-02-10,22.333333333333332,78,200
ike,anigbogu,anigbik01,ike-anigbogu-1,2016-17,UCLA,Pac-12,1998-10-22,18.666666666666668,82,250
sindarius,thornwell,thornsi01,sindarius-thornwell-1,2016-17,South Carolina,SEC,1994-11-15,22.583333333333332,77,215
monte,morris,morrimo01,monte-morris-1,2016-17,Iowa State,Big 12,1995-06-27,21.916666666666668,74,170
edmond,sumner,sumneed01,edmond-sumner-1,2016-17,Xavier,Big East,1995-12-31,21.416666666666668,77,170
kadeem,allen,allenka01,kadeem-allen-1,2016-17,Arizona,Pac-12,1993-01-15,24.416666666666668,75,180
alec,peters,peteral01,alec-peters-1,2016-17,Valparaiso,Horizon,1995-04-13,22.166666666666668,81,225
nigel,williams-goss,willini01,nigel-williams-goss-1,2016-17,Gonzaga,WCC,1994-09-16,22.75,75,185
jabari,bird,birdja01,jabari-bird-1,2016-17,University of California,Pac-12,1994-07-03,22.916666666666668,78,198
jaron,blossomgame,blossja01,jaron-blossomgame-1,2016-17,Clemson,ACC,1993-09-16,23.75,79,215
ben,simmons,simmobe01,ben-simmons-1,2015-16,LSU,SEC,1996-07-20,19.916666666666668,82,225
brandon,ingram,ingrabr01,brandon-ingram-1,2015-16,Duke,ACC,1997-09-02,18.75,81,190
jaylen,brown,brownja02,jaylen-brown-1,2015-16,University of California,Pac-12,1996-10-24,19.583333333333332,79,225
kris,dunn,dunnkr01,kris-dunn-1,2015-16,Providence,Big East,1994-03-18,22.25,75,205
buddy,hield,hieldbu01,buddy-hield-1,2015-16,Oklahoma,Big 12,1993-12-17,22.5,76,209
jamal,murray,murraja01,jamal-murray-1,2015-16,Kentucky,SEC,1997-02-23,19.333333333333332,77,207
marquese,chriss,chrisma01,marquese-chriss-1,2015-16,Washington,Pac-12,1997-07-02,18.916666666666668,81,225
jakob,poeltl,poeltja01,jakob-poeltl-1,2015-16,Utah,Pac-12,1995-10-15,20.666666666666668,84,230
domantas,sabonis,sabondo01,domantas-sabonis-1,2015-16,Gonzaga,WCC,1996-05-03,20.083333333333332,82,231
taurean,prince,princta02,taurean-prince-1,2015-16,Baylor,Big 12,1994-03-22,22.25,79,215
denzel,valentine,valende01,denzel-valentine-1,2015-16,Michigan State,Big Ten,1993-11-16,22.583333333333332,77,220
wade,baldwin,baldwwa01,wade-baldwin-1,2015-16,Vanderbilt,SEC,1996-03-29,20.166666666666668,75,195
henry,ellenson,ellenhe01,henry-ellenson-1,2015-16,Marquette,Big East,1997-01-13,19.416666666666668,82,245
malik,beasley,beaslma01,malik-beasley-1,2015-16,Florida State,ACC,1996-11-26,19.5,77,190
caris,levert,leverca01,caris-levert-1,2015-16,Michigan,Big Ten,1994-08-25,21.75,79,200
deandre,bembry,bembrde01,deandre-bembry-1,2015-16,St. Joseph's,A-10,1994-07-04,21.916666666666668,78,210
malachi,richardson,richama01,malachi-richardson-1,2015-16,Syracuse,ACC,1996-01-05,20.416666666666668,78,195
brice,johnson,johnsbr02,brice-johnson-1,2015-16,UNC,ACC,1994-06-27,21.916666666666668,81,228
pascal,siakam,siakapa01,pascal-siakam-1,2015-16,New Mexico State,WAC,1994-02-04,22.333333333333332,81,230
skal,labissiere,labissk01,skal-labissiere-1,2015-16,Kentucky,SEC,1996-03-18,20.25,83,225
dejounte,murray,murrade01,dejounte-murray-1,2015-16,Washington,Pac-12,1996-09-19,19.75,77,170
damian,jones,jonesda03,damian-jones-1,2015-16,Vanderbilt,SEC,1995-06-30,20.916666666666668,82,248
deyonta,davis,davisde01,deyonta-davis-1,2015-16,Michigan State,Big Ten,1996-12-02,19.5,82,245
cheick,diallo,diallch01,cheick-diallo-1,2015-16,Kansas,Big 12,1996-09-13,19.75,81,218
tyler,ulis,ulisty01,tyler-ulis-1,2015-16,Kentucky,SEC,1996-01-05,20.416666666666668,69,155
malcolm,brogdon,brogdma01,malcolm-brogdon-1,2015-16,Virginia,ACC,1992-12-11,23.5,77,217
chinanu,onuaku,onuakch01,chinanu-onuaku-1,2015-16,Louisville,ACC,1996-11-01,19.583333333333332,82,230
patrick,mccaw,mccawpa01,patrick-mccaw-1,2015-16,UNLV,MWC,1995-10-25,20.583333333333332,78,180
diamond,stone,stonedi01,diamond-stone-1,2015-16,Maryland,Big Ten,1997-02-10,19.333333333333332,83,255
stephen,zimmermanjr,zimmest01,stephen-zimmermanjr-1,2015-16,UNLV,MWC,1996-09-09,19.75,84,240
isaiah,whitehead,whiteis01,isaiah-whitehead-1,2015-16,Seton Hall,Big East,1995-03-08,21.25,76,210
demetrius,jackson,jacksde01,demetrius-jackson-2,2015-16,Notre Dame,ACC,1994-09-07,21.75,73,198
aj,hammons,hammoaj01,aj-hammons-1,2015-16,Purdue,Big Ten,1992-08-27,23.75,84,261
jake,layman,laymaja01,jake-layman-1,2015-16,Maryland,Big Ten,1994-03-07,22.25,81,205
michael,gbinije,gbinimi01,michael-gbinije-1,2015-16,Syracuse,ACC,1992-06-05,24.0,79,200
georges,niang,niangge01,georges-niang-1,2015-16,Iowa State,Big 12,1993-06-17,23.0,80,230
ben,bentil,bentibe01,ben-bentil-1,2015-16,Providence,Big East,1995-03-29,21.166666666666668,80,230
joel,bolomboy,bolomjo01,joel-bolomboy-1,2015-16,Weber State,Big Sky,1994-01-28,22.333333333333332,81,230
kahlil,felder,feldeka01,kahlil-felder-1,2015-16,Oakland,Horizon,1995-03-29,21.166666666666668,69,180
marcus,paige,paigema01,marcus-paige-1,2015-16,UNC,ACC,1993-09-11,22.75,73,175
daniel,hamilton,hamilda02,daniel-hamilton-1,2015-16,UConn,AAC,1995-08-08,20.833333333333332,79,190
abdel,nader,naderab01,abdel-nader-1,2015-16,Iowa State,Big 12,1993-09-25,22.666666666666668,78,230
isaiah,cousins,cousiis01,isaiah-cousins-1,2015-16,Oklahoma,Big 12,1994-03-13,22.25,76,187
tyrone,wallace,wallaty01,tyrone-wallace-1,2015-16,University of California,Pac-12,1994-06-10,22.0,77,200
karl-anthony,towns,townska01,karl-anthony-towns-1,2014-15,Kentucky,SEC,1995-11-15,19.583333333333332,83,250
dangelo,russell,russeda01,dangelo-russell-1,2014-15,Ohio State,Big Ten,1996-02-23,19.333333333333332,77,180
jahlil,okafor,okafoja01,jahlil-okafor-1,2014-15,Duke,ACC,1995-12-15,19.5,83,270
willie,cauley-stein,caulewi01,willie-cauley-stein-1,2014-15,Kentucky,SEC,1993-08-18,21.833333333333332,84,240
stanley,johnson,johnsst04,stanley-johnson-1,2014-15,Arizona,Pac-12,1996-05-29,19.0,78,225
frank,kaminsky,kaminfr01,frank-kaminsky-1,2014-15,Wisconsin,Big Ten,1993-04-04,22.166666666666668,84,242
justise,winslow,winslju01,justise-winslow-1,2014-15,Duke,ACC,1996-03-26,19.166666666666668,78,225
myles,turner,turnemy01,myles-turner-1,2014-15,Texas,Big 12,1996-03-24,19.25,83,240
trey,lyles,lylestr01,trey-lyles-1,2014-15,Kentucky,SEC,1995-11-05,19.583333333333332,82,235
devin,booker,bookede01,devin-booker-2,2014-15,Kentucky,SEC,1996-10-30,18.583333333333332,78,206
cameron,payne,payneca01,cameron-payne-1,2014-15,Murray State,OVC,1994-08-08,20.833333333333332,74,180
kelly,oubre,oubreke01,kelly-oubre-1,2014-15,Kansas,Big 12,1995-12-09,19.5,79,200
terry,rozier,roziete01,terry-rozier-1,2014-15,Louisville,ACC,1994-03-17,21.25,73,190
rashad,vaughn,vaughra01,rashad-vaughn-1,2014-15,UNLV,MWC,1996-08-16,18.833333333333332,78,210
sam,dekker,dekkesa01,sam-dekker-1,2014-15,Wisconsin,Big Ten,1994-05-06,21.083333333333332,81,230
jerian,grant,grantje02,jerian-grant-1,2014-15,Notre Dame,ACC,1992-10-09,22.666666666666668,77,203
delon,wright,wrighde01,delon-wright-1,2014-15,Utah,Pac-12,1992-04-26,23.083333333333332,77,178
justin,anderson,anderju01,justin-anderson-1,2014-15,Virginia,ACC,1993-11-19,21.583333333333332,78,227
bobby,portis,portibo01,bobby-portis-1,2014-15,Arkansas,SEC,1995-02-10,20.333333333333332,83,242
rondae,hollis-jefferson,holliro01,rondae-hollis-jefferson-1,2014-15,Arizona,Pac-12,1995-01-03,20.416666666666668,79,215
tyus,jones,jonesty01,tyus-jones-1,2014-15,Duke,ACC,1996-05-10,19.083333333333332,73,190
jarell,martin,martija01,jarell-martin-1,2014-15,LSU,SEC,1994-05-24,21.083333333333332,82,236
larry,nance,nancela02,larry-nance-2,2014-15,Wyoming,MWC,1993-01-01,22.416666666666668,80,235
rj,hunter,hunterj01,rj-hunter-1,2014-15,Georgia State,Sun Belt,1993-10-24,21.666666666666668,78,190
chris,mccullough,mcculch01,chris-mccullough-1,2014-15,Syracuse,ACC,1995-02-05,20.333333333333332,82,220
kevon,looney,looneke01,kevon-looney-1,2014-15,UCLA,Pac-12,1996-02-06,19.333333333333332,81,220
montrezl,harrell,harremo01,montrezl-harrell-1,2014-15,Louisville,ACC,1994-01-26,21.333333333333332,80,235
jordan,mickey,mickejo01,jordan-mickey-1,2014-15,LSU,SEC,1994-07-09,20.916666666666668,80,235
anthony,brown,brownan02,anthony-brown-5,2014-15,Stanford,Pac-12,1992-10-10,22.666666666666668,78,215
rakeem,christmas,chrisra01,rakeem-christmas-1,2014-15,Syracuse,ACC,1991-12-01,23.5,81,250
richaun,holmes,holmeri01,richaun-holmes-1,2014-15,Bowling Green State,MAC,1993-10-15,21.666666666666668,80,245
darrun,hilliard,hillida01,darrun-hilliard-1,2014-15,Villanova,Big East,1993-04-13,22.166666666666668,78,215
josh,richardson,richajo01,josh-richardson-2,2014-15,Tennessee,SEC,1993-09-15,21.75,78,200
pat,connaughton,connapa01,pat-connaughton-1,2014-15,Notre Dame,ACC,1993-01-06,22.416666666666668,77,218
olivier,hanlan,hanlaol01,olivier-hanlan-1,2014-15,Boston College,ACC,1993-02-15,22.333333333333332,76,190
joseph,young,youngjo01,joseph-young-1,2014-15,Oregon,Pac-12,1992-06-27,22.916666666666668,74,185
andrew,harrison,harrian01,andrew-harrison-1,2014-15,Kentucky,SEC,1994-10-28,20.583333333333332,78,210
marcus,thornton,thornma01,marcus-thornton-3,2014-15,William & Mary,CAA,1993-02-09,22.333333333333332,76,190
norman,powell,powelno01,norman-powell-1,2014-15,UCLA,Pac-12,1993-05-25,22.083333333333332,76,215
dakari,johnson,johnsda04,dakari-johnson-1,2014-15,Kentucky,SEC,1995-09-22,19.75,84,255
aaron,white,whiteaa01,aaron-white-3,2014-15,Iowa,Big Ten,1992-09-10,22.75,81,228
tyler,harvey,harvety01,tyler-harvey-1,2014-15,Eastern Washington,Big Sky,1993-07-17,21.916666666666668,76,185
sirdominic,pointer,pointsi01,sirdominic-pointer-1,2014-15,St. John's (NY),Big East,1992-05-06,23.083333333333332,78,192
cady,lalanne,lalanca01,cady-lalanne-1,2014-15,UMass,A-10,1992-04-22,23.166666666666668,82,253
branden,dawson,dawsobr01,branden-dawson-1,2014-15,Michigan State,Big Ten,1993-02-01,22.333333333333332,78,225
jp,tokoto,tokotjp01,jp-tokoto-1,2014-15,UNC,ACC,1993-09-15,21.75,78,200
andrew,wiggins,wiggian01,andrew-wiggins-1,2013-14,Kansas,Big 12,1995-02-23,19.333333333333332,80,200
jabari,parker,parkeja01,jabari-parker-1,2013-14,Duke,ACC,1995-03-15,19.25,80,235
aaron,gordon,gordoaa01,aaron-gordon-1,2013-14,Arizona,Pac-12,1995-09-16,18.75,81,225
marcus,smart,smartma01,marcus-smart-1,2013-14,Oklahoma State,Big 12,1994-03-06,20.25,76,220
julius,randle,randlju01,julius-randle-1,2013-14,Kentucky,SEC,1994-11-29,19.5,81,250
nik,stauskas,stausni01,nik-stauskas-1,2013-14,Michigan,Big Ten,1993-10-07,20.666666666666668,78,205
noah,vonleh,vonleno01,noah-vonleh-1,2013-14,Indiana,Big Ten,1995-08-24,18.833333333333332,82,240
elfrid,payton,paytoel01,elfrid-payton-1,2013-14,Louisiana-Lafayette,Sun Belt,1994-02-22,20.333333333333332,75,180
doug,mcdermott,mcderdo01,doug-mcdermott-1,2013-14,Creighton,Big East,1992-01-03,22.416666666666668,80,225
zach,lavine,lavinza01,zach-lavine-1,2013-14,UCLA,Pac-12,1995-03-10,19.25,77,180
tj,warren,warretj01,tj-warren-1,2013-14,North Carolina State,ACC,1993-09-05,20.75,80,233
adreian,payne,paynead01,adreian-payne-1,2013-14,Michigan State,Big Ten,1991-02-19,23.333333333333332,82,245
james,young,youngja01,james-young-1,2013-14,Kentucky,SEC,1995-08-16,18.833333333333332,78,215
tyler,ennis,ennisty01,tyler-ennis-1,2013-14,Syracuse,ACC,1994-08-24,19.833333333333332,74,180
gary,harris,harriga01,gary-harris-1,2013-14,Michigan State,Big Ten,1994-09-14,19.75,76,210
mitch,mcgary,mcgarmi01,mitch-mcgary-1,2013-14,Michigan,Big Ten,1992-06-06,22.0,82,255
jordan,adams,adamsjo01,jordan-adams-1,2013-14,UCLA,Pac-12,1994-07-08,19.916666666666668,77,220
rodney,hood,hoodro01,rodney-hood-1,2013-14,Duke,ACC,1992-10-20,21.666666666666668,80,215
shabazz,napier,napiesh01,shabazz-napier-1,2013-14,UConn,AAC,1991-07-14,22.916666666666668,73,180
pj,hairston,hairspj02,pj-hairston-1,2012-13,UNC,ACC,1992-12-24,21.5,78,220
cj,wilcox,wilcocj01,cj-wilcox-1,2013-14,Washington,Pac-12,1990-12-30,23.416666666666668,77,190
josh,huestis,huestjo01,josh-huestis-1,2013-14,Stanford,Pac-12,1991-12-19,22.5,79,230
kyle,anderson,anderky01,kyle-anderson-3,2013-14,UCLA,Pac-12,1993-09-20,20.75,81,230
kj,mcdaniels,mcdankj01,kj-mcdaniels-1,2013-14,Clemson,ACC,1993-02-09,21.333333333333332,78,200
joe,harris-,harrijo01,joe-harris--1,2013-14,Virginia,ACC,1991-09-06,22.75,78,225
cleanthony,early,earlycl01,cleanthony-early-1,2013-14,Wichita State,MVC,1991-04-17,23.166666666666668,80,219
jarnell,stokes,stokeja01,jarnell-stokes-1,2013-14,Tennessee,SEC,1994-01-07,20.416666666666668,80,260
johnny,obryant,obryajo01,johnny-obryant-1,2013-14,LSU,SEC,1993-06-01,21.0,81,256
deandre,daniels,daniede01,deandre-daniels-1,2013-14,UConn,AAC,1992-04-15,22.166666666666668,81,195
spencer,dinwiddie,dinwisp01,spencer-dinwiddie-1,2013-14,Colorado,Pac-12,1993-04-06,21.166666666666668,78,200
jerami,grant,grantje01,jerami-grant-1,2013-14,Syracuse,ACC,1994-03-12,20.25,80,210
glenn,robinson,robingl02,glenn-robinson-2,2013-14,Michigan,Big Ten,1994-01-08,20.416666666666668,78,220
nick,johnson,johnsni01,nick-johnson-1,2013-14,Arizona,Pac-12,1992-12-22,21.5,75,200
markel,brown,brownma02,markel-brown-1,2013-14,Oklahoma State,Big 12,1992-01-29,22.333333333333332,75,190
dwight,powell,poweldw01,dwight-powell-1,2013-14,Stanford,Pac-12,1991-07-20,22.916666666666668,82,240
jordan,clarkson,clarkjo01,jordan-clarkson-1,2013-14,Missouri,SEC,1992-06-07,22.0,77,193
russ,smith,smithru01,russ-smith-1,2013-14,Louisville,AAC,1991-04-19,23.166666666666668,72,165
lamar,patterson,pattela01,lamar-patterson-1,2013-14,Pitt,ACC,1991-08-12,22.833333333333332,77,225
cameron,bairstow,bairsca01,cameron-bairstow-1,2013-14,New Mexico,MWC,1990-12-07,23.5,81,250
alec,brown,brownal01,alec-brown-1,2013-14,Green Bay,Horizon,1992-07-23,21.916666666666668,85,235
semaj,christon,chrisse01,semaj-christon-1,2013-14,Xavier,Big East,1992-11-01,21.583333333333332,75,190
roy,devyn-marble,marblde01,roy-devyn-marble-1,2013-14,Iowa,Big Ten,1992-09-21,21.75,78,200
jordan,mcrae,mcraejo01,jordan-mcrae-1,2013-14,Tennessee,SEC,1991-03-28,23.166666666666668,77,200
xavier,thames,thamexa01,xavier-thames-1,2013-14,San Diego State,MWC,1991-01-19,23.416666666666668,75,195
cory,jefferson,jeffeco01,cory-jefferson-1,2013-14,Baylor,Big 12,1990-12-26,23.5,81,220
anthony,bennett,bennean01,anthony-bennett-1,2012-13,UNLV,MWC,1993-03-14,20.25,80,240
victor,oladipo,oladivi01,victor-oladipo-1,2012-13,Indiana,Big Ten,1992-05-04,21.083333333333332,77,214
otto,porter,porteot01,otto-porter-1,2012-13,Georgetown,Big East,1993-06-03,20.0,80,205
cody,zeller,zelleco01,cody-zeller-1,2012-13,Indiana,Big Ten,1992-10-05,20.666666666666668,84,240
alex,len,lenal01,alex-len-1,2012-13,Maryland,ACC,1993-06-16,20.0,85,225
nerlens,noel,noelne01,nerlens-noel-1,2012-13,Kentucky,SEC,1994-04-10,19.166666666666668,82,228
ben,mclemore,mclembe01,ben-mclemore-1,2012-13,Kansas,Big 12,1993-02-11,20.333333333333332,77,195
kentavious,caldwell-pope,caldwke01,kentavious-caldwell-pope-1,2012-13,Georgia,SEC,1993-02-18,20.333333333333332,77,205
trey,burke,burketr01,trey-burke-1,2012-13,Michigan,Big Ten,1992-11-12,20.583333333333332,72,190
cj,mccollum,mccolcj01,cj-mccollum-1,2012-13,Lehigh,Patriot,1991-09-19,21.75,75,180
michael,carter-williams,cartemi01,michael-carter-williams-1,2012-13,Syracuse,Big East,1991-10-10,21.666666666666668,78,185
steven,adams,adamsst01,steven-adams-1,2012-13,Pitt,Big East,1993-07-20,19.916666666666668,84,250
kelly,olynyk,olynyke01,kelly-olynyk-1,2012-13,Gonzaga,WCC,1991-04-19,22.166666666666668,84,238
shabazz,muhammad,muhamsh01,shabazz-muhammad-1,2012-13,UCLA,Pac-12,1992-11-13,20.583333333333332,78,225
shane,larkin,larkish01,shane-larkin-1,2012-13,Miami (FL),ACC,1992-10-02,20.666666666666668,71,176
tony,snell,snellto01,tony-snell-1,2012-13,New Mexico,MWC,1991-11-10,21.583333333333332,79,200
gorgui,dieng,dienggo01,gorgui-dieng-1,2012-13,Louisville,Big East,1990-01-18,23.416666666666668,83,245
mason,plumlee,plumlma01,mason-plumlee-1,2012-13,Duke,ACC,1990-03-05,23.25,82,235
solomon,hill,hillso01,solomon-hill-1,2012-13,Arizona,Pac-12,1991-03-18,22.25,79,220
tim,hardaway-jr,hardati02,tim-hardaway-jr-1,2012-13,Michigan,Big Ten,1992-03-16,21.25,78,205
reggie,bullock,bullore01,reggie-bullock-2,2012-13,UNC,ACC,1991-03-16,22.25,79,205
andre,roberson,roberan03,andre-roberson-1,2012-13,Colorado,Pac-12,1991-12-04,21.5,79,210
archie,goodwin,goodwar01,archie-goodwin-1,2012-13,Kentucky,SEC,1994-08-17,18.833333333333332,77,198
allen,crabbe,crabbal01,allen-crabbe-1,2012-13,University of California,Pac-12,1992-04-09,21.166666666666668,78,210
carrick,felix,felixca01,carrick-felix-1,2012-13,Arizona State,Pac-12,1990-08-17,22.833333333333332,78,197
isaiah,canaan,canaais01,isaiah-canaan-1,2012-13,Murray State,OVC,1991-05-21,22.083333333333332,73,195
glen,rice-jr,ricegl02,glen-rice-jr-1,2011-12,Georgia Tech,ACC,1991-01-01,22.416666666666668,77,206
ray,mccallum,mccalra01,ray-mccallum-2,2012-13,Detroit,Horizon,1991-06-12,22.0,75,190
tony,mitchell,mitchto02,tony-mitchell-4,2012-13,North Texas,Sun Belt,1992-04-07,21.166666666666668,80,235
nate,wolters,woltena01,nate-wolters-1,2012-13,South Dakota State,Summit,1991-05-15,22.083333333333332,76,193
jeff,withey,witheje01,jeff-withey-1,2012-13,Kansas,Big 12,1990-03-07,23.25,84,235
grant,jerrett,jerregr01,grant-jerrett-1,2012-13,Arizona,Pac-12,1993-07-08,19.916666666666668,82,235
jamaal,franklin,frankja01,jamaal-franklin-1,2012-13,San Diego State,MWC,1991-07-21,21.916666666666668,77,205
pierre,jackson,jackspi01,pierre-jackson-1,2012-13,Baylor,Big 12,1991-08-29,21.75,70,180
mike,muscala,muscami01,mike-muscala-1,2012-13,Bucknell,Patriot,1991-07-01,21.916666666666668,83,234
erick,green,greener01,erick-green-1,2012-13,Virginia Tech,ACC,1991-05-09,22.083333333333332,75,185
ryan,kelly,kellyry01,ryan-kelly-1,2012-13,Eastern Illinois,OVC,1991-04-09,22.166666666666668,83,230
erik,murphy,murpher01,erik-murphy-1,2012-13,Florida,SEC,1990-10-26,22.666666666666668,82,238
james,ennis,ennisja01,james-ennis-1,2012-13,Long Beach State,Big West,1990-07-01,22.916666666666668,79,210
romero,osby,osbyro01,romero-osby-1,2012-13,Oklahoma,Big 12,1990-05-07,23.083333333333332,80,232
lorenzo,brown,brownlo01,lorenzo-brown-1,2012-13,North Carolina State,ACC,1990-08-26,22.833333333333332,77,186
colton,iverson,iversco01,colton-iverson-1,2012-13,Colorado State,MWC,1989-06-29,23.916666666666668,82,261
arsalan,kazemi,kazemar01,arsalan-kazemi-1,2012-13,Oregon,Pac-12,1990-04-22,23.166666666666668,79,226
peyton,siva,sivape01,peyton-siva-1,2012-13,Louisville,Big East,1990-10-24,22.666666666666668,72,185
alex,oriakhi,oriakal01,alex-oriakhi-1,2012-13,Missouri,SEC,1990-06-21,23.0,81,225
deshaun,thomas,thomade01,deshaun-thomas-1,2012-13,Ohio State,Big Ten,1991-08-29,21.75,79,215
anthony,davis,davisan02,anthony-davis-5,2011-12,Kentucky,SEC,1993-03-11,19.25,82,220
michael,kidd-gilchrist,kiddgmi01,michael-kidd-gilchrist-1,2011-12,Kentucky,SEC,1993-09-26,18.75,79,232
bradley,beal,bealbr01,bradley-beal-1,2011-12,Florida,SEC,1993-06-28,19.0,75,207
dion,waiters,waitedi01,dion-waiters-1,2011-12,Syracuse,Big East,1991-12-10,20.5,76,215
thomas,robinson,robinth01,thomas-robinson-2,2011-12,Kansas,Big 12,1991-03-17,21.25,81,237
damian,lillard,lillada01,damian-lillard-1,2011-12,Weber State,Big Sky,1990-07-15,21.916666666666668,74,185
harrison,barnes,barneha02,harrison-barnes-1,2011-12,UNC,ACC,1992-05-30,20.0,80,215
terrence,ross,rosste01,terrence-ross-1,2011-12,Washington,Pac-12,1991-02-05,21.333333333333332,78,195
andre,drummond,drumman01,andre-drummond-1,2011-12,UConn,Big East,1993-08-10,18.833333333333332,82,270
austin,rivers,riverau01,austin-rivers-1,2011-12,Duke,ACC,1992-08-01,19.833333333333332,76,200
meyers,leonard,leoname01,meyers-leonard-1,2011-12,Illinois,Big Ten,1992-02-27,20.333333333333332,85,245
jeremy,lamb,lambje01,jeremy-lamb-1,2011-12,UConn,Big East,1992-05-30,20.0,77,180
kendall,marshall,marshke01,kendall-marshall-1,2011-12,UNC,ACC,1991-08-19,20.833333333333332,76,195
john,henson,hensojo01,john-henson-1,2011-12,UNC,ACC,1990-12-28,21.5,83,220
maurice,harkless,harklma01,maurice-harkless-1,2011-12,St. John's (NY),Big East,1993-05-11,19.083333333333332,80,208
royce,white,whitero03,royce-white-1,2011-12,Iowa State,Big 12,1991-04-10,21.166666666666668,80,270
tyler,zeller,zellety01,tyler-zeller-1,2011-12,UNC,ACC,1990-01-17,22.416666666666668,84,250
terrence,jones,joneste01,terrence-jones-1,2011-12,Kentucky,SEC,1992-01-09,20.416666666666668,81,252
andrew,nicholson,nichoan01,andrew-nicholson-1,2011-12,St. Bonaventure,A-10,1989-12-08,22.5,81,240
jared,sullinger,sullija01,jared-sullinger-1,2011-12,Ohio State,Big Ten,1992-03-04,20.25,81,265
fab,melo,melofa01,fab-melo-1,2011-12,Syracuse,Big East,1990-06-20,22.0,84,244
john,jenkins,jenkijo01,john-jenkins-1,2011-12,Vanderbilt,SEC,1991-03-06,21.25,76,215
jared,cunningham,cunnija01,jared-cunningham-2,2011-12,Oregon State,Pac-12,1991-05-22,21.083333333333332,76,194
tony,wroten,wroteto01,tony-wroten-1,2011-12,Washington,Pac-12,1993-04-13,19.166666666666668,77,205
miles,plumlee,plumlmi01,miles-plumlee-1,2011-12,Duke,ACC,1988-09-01,23.75,82,245
arnett,moultrie,moultar01,arnett-moultrie-1,2011-12,Mississippi State,SEC,1990-11-18,21.583333333333332,83,249
perry,jones,jonespe01,perry-jones-1,2011-12,Baylor,Big 12,1991-09-24,20.75,83,235
marquis,teague,teaguma01,marquis-teague-1,2011-12,Kentucky,SEC,1993-02-28,19.333333333333332,74,189
festus,ezeli,ezelife01,festus-ezeli-1,2011-12,Vanderbilt,SEC,1989-10-21,22.666666666666668,83,255
jeffery,taylor,tayloje03,jeffery-taylor-1,2011-12,Vanderbilt,SEC,1989-05-23,23.083333333333332,79,225
bernard,james-,jamesbe01,bernard-james--1,2011-12,Florida State,ACC,1985-02-07,27.333333333333332,82,240
jae,crowder,crowdja01,jae-crowder-1,2011-12,Marquette,Big East,1990-07-06,21.916666666666668,78,235
draymond,green,greendr01,draymond-green-1,2011-12,Michigan State,Big Ten,1990-03-04,22.25,79,230
orlando,johnson,johnsor01,orlando-johnson-1,2011-12,UCSB,Big West,1989-03-11,23.25,77,205
quincy,acy,acyqu01,quincy-acy-1,2011-12,Baylor,Big 12,1990-10-06,21.666666666666668,79,235
quincy,miller,millequ01,quincy-miller-1,2011-12,Baylor,Big 12,1992-11-18,19.583333333333332,81,210
khris,middleton,middlkh01,khris-middleton-1,2011-12,Texas A&M,Big 12,1991-08-12,20.833333333333332,79,217
will,barton,bartowi01,will-barton-1,2011-12,Memphis,CUSA,1991-01-06,21.416666666666668,78,175
tyshawn,taylor,tayloty01,tyshawn-taylor-1,2011-12,Kansas,Big 12,1990-04-12,22.166666666666668,75,185
doron,lamb,lambdo01,doron-lamb-1,2011-12,Kentucky,SEC,1991-11-06,20.583333333333332,76,210
mike,scott,scottmi01,mike-scott-4,2011-12,Virginia,ACC,1988-07-16,23.916666666666668,80,237
kim,english,engliki01,kim-english-1,2011-12,Missouri,Big 12,1988-09-24,23.75,78,200
justin,hamilton,hamilju01,justin-hamilton-2,2011-12,LSU,SEC,1990-04-01,22.166666666666668,84,260
darius,miller,milleda01,darius-miller-1,2011-12,Kentucky,SEC,1990-03-21,22.25,80,225
kevin,murphy,murphke01,kevin-murphy-1,2011-12,Tennessee Tech,OVC,1990-03-06,22.25,79,185
kyle,oquinn,oquinky01,kyle-oquinn-1,2011-12,Norfolk State,MEAC,1990-03-26,22.25,82,240
kris,joseph,josepkr01,kris-joseph-1,2011-12,Syracuse,Big East,1988-12-17,23.5,79,210
darius,johnson-odom,johnsda03,darius-johnson-odom-1,2011-12,Marquette,Big East,1989-09-28,22.75,74,215
robbie,hummel,hummero01,robbie-hummel-1,2011-12,Purdue,Big Ten,1989-03-08,23.25,80,215
marcus,denmon,denmoma01,marcus-denmon-1,2011-12,Missouri,Big 12,1990-03-20,22.25,75,185
robert,sacre,sacrero01,robert-sacre-1,2011-12,Gonzaga,WCC,1989-06-06,23.0,84,260
kyrie,irving,irvinky01,kyrie-irving-1,2010-11,Duke,ACC,1992-03-23,19.25,74,180
derrick,williams,willide02,derrick-williams-2,2010-11,Arizona,Pac-10,1991-05-25,20.0,80,235
tristan,thompson,thomptr01,tristan-thompson-2,2010-11,Texas,Big 12,1991-03-13,20.25,80,225
brandon,knight,knighbr03,brandon-knight-1,2010-11,Kentucky,SEC,1991-12-02,19.5,75,185
kemba,walker,walkeke02,kemba-walker-1,2010-11,UConn,Big East,1990-05-08,21.083333333333332,73,172
jimmer,fredette,fredeji01,jimmer-fredette-1,2010-11,BYU,MWC,1989-02-25,22.25,74,195
klay,thompson,thompkl01,klay-thompson-1,2010-11,Washington State,Pac-10,1990-02-08,21.333333333333332,78,200
alec,burks,burksal01,alec-burks-1,2010-11,Colorado,Big 12,1991-07-20,19.916666666666668,78,195
markieff,morris,morrima02,markieff-morris-1,2010-11,Kansas,Big 12,1989-09-02,21.75,82,245
marcus,morris,morrima03,marcus-morris-1,2010-11,Kansas,Big 12,1989-09-02,21.75,81,235
kawhi,leonard,leonaka01,kawhi-leonard-1,2010-11,San Diego State,MWC,1991-06-29,19.916666666666668,79,225
nikola,vucevic,vucevni01,nikola-vucevic-1,2010-11,USC,Pac-10,1990-10-24,20.583333333333332,82,220
iman,shumpert,shumpim01,iman-shumpert-1,2010-11,Georgia Tech,ACC,1990-06-26,20.916666666666668,77,212
chris,singleton,singlch01,chris-singleton-1,2010-11,Florida State,ACC,1989-11-21,21.583333333333332,81,220
tobias,harris,harrito02,tobias-harris-1,2010-11,Tennessee,SEC,1992-07-15,18.916666666666668,80,226
nolan,smith,smithno01,nolan-smith-1,2010-11,Duke,ACC,1988-07-25,22.833333333333332,74,185
kenneth,faried,farieke01,kenneth-faried-1,2010-11,Morehead State,OVC,1989-11-19,21.583333333333332,80,228
reggie,jackson,jacksre01,reggie-jackson-1,2010-11,Boston College,ACC,1990-04-16,21.166666666666668,75,208
marshon,brooks,brookma01,marshon-brooks-1,2010-11,Providence,Big East,1989-01-26,22.333333333333332,77,200
jordan,hamilton,hamiljo02,jordan-hamilton-2,2010-11,Texas,Big 12,1990-10-06,20.666666666666668,79,220
jajuan,johnson,johnsja02,jajuan-johnson-1,2010-11,Purdue,Big Ten,1989-02-08,22.333333333333332,82,221
norris,cole,coleno01,norris-cole-1,2010-11,Cleveland State,Horizon,1988-10-13,22.666666666666668,74,170
cory,joseph,josepco01,cory-joseph-1,2010-11,Texas,Big 12,1991-08-20,19.833333333333332,75,185
jimmy,butler,butleji01,jimmy-butler-1,2010-11,Marquette,Big East,1989-09-14,21.75,79,220
justin,harper,harpeju01,justin-harper-1,2010-11,Richmond,A-10,1989-08-30,21.75,82,225
kyle,singler,singlky01,kyle-singler-1,2010-11,Duke,ACC,1988-05-04,23.083333333333332,80,230
shelvin,mack,macksh01,shelvin-mack-1,2010-11,Butler,Horizon,1990-04-22,21.166666666666668,75,215
tyler,honeycutt,honeyty01,tyler-honeycutt-1,2010-11,UCLA,Pac-10,1990-07-15,20.916666666666668,81,180
jordan,williams,willijo03,jordan-williams-1,2010-11,Maryland,ACC,1990-10-11,20.666666666666668,82,260
trey,thompkins,thomptr02,trey-thompkins-1,2010-11,Georgia,SEC,1990-05-20,21.083333333333332,82,245
chandler,parsons,parsoch01,chandler-parsons-1,2010-11,Florida,SEC,1988-10-25,22.583333333333332,81,215
jon,leuer,leuerjo01,jon-leuer-1,2010-11,Wisconsin,Big Ten,1989-05-14,22.083333333333332,82,228
darius,morris,morrida01,darius-morris-1,2010-11,Michigan,Big Ten,1991-01-03,20.416666666666668,76,190
malcolm,lee,leema01,malcolm-lee-1,2010-11,UCLA,Pac-10,1990-05-22,21.083333333333332,77,180
charles,jenkins,jenkich01,charles-jenkins-1,2010-11,Hofstra,CAA,1989-02-28,22.25,75,220
josh,harrellson,harrejo01,josh-harrellson-1,2010-11,Kentucky,SEC,1989-02-12,22.333333333333332,82,275
andrew,goudelock,goudean01,andrew-goudelock-1,2010-11,College of Charleston,Southern,1988-12-07,22.5,74,200
travis,leslie,leslitr01,travis-leslie-1,2010-11,Georgia,SEC,1990-03-29,21.166666666666668,76,205
keith,benson,bensoke02,keith-benson-1,2010-11,Oakland,Summit,1988-08-13,22.833333333333332,83,230
josh,selby,selbyjo01,josh-selby-1,2010-11,Kansas,Big 12,1991-03-27,20.166666666666668,74,183
lavoy,allen,allenla01,lavoy-allen-1,2010-11,Temple,A-10,1989-02-04,22.333333333333332,81,225
jon,diebler,diebljo01,jon-diebler-1,2010-11,Ohio State,Big Ten,1988-06-22,23.0,78,205
vernon,macklin,macklve01,vernon-macklin-1,2010-11,Florida,SEC,1986-09-20,24.75,81,245
deandre,liggins,liggide01,deandre-liggins-1,2010-11,Kentucky,SEC,1988-03-31,23.166666666666668,78,210
etwaun,moore,mooreet01,etwaun-moore-1,2010-11,Purdue,Big Ten,1989-02-28,22.25,76,191
isaiah,thomas,thomais02,isaiah-thomas-1,2010-11,Washington,Pac-10,1989-02-07,22.333333333333332,68,185
